OBJECTID,POPULATION,d_id,category,noHaz_PD1,noHaz_PD2,origin_cnt
0,,B_0,education,40703.572289469994,0.0,40703.57228947
1,,B_1,education,29957.48131845,0.0,29957.48131845
2,,B_2,education,23783.357303630004,0.0,23783.35730363
3,,B_3,education,44583.55424975,0.0,44583.55424975
4,,B_4,hospital,0.0,71077.71817108997,71077.71817109
5,,B_5,hospital,0.0,8.346162411071075e+17,
6,,B_6,hospital,0.0,8.346162411071075e+17,67950.24699021
